"date","amount","notes","account","currency","tid","balance"
"2006-01-01",16.21,NA,"liabilities:chase_freedom_cc","usd","r2rp2",NA
"2005-03-28",-5.86,NA,"liabilities:chase_freedom_cc","usd","g63c2",NA
"2004-04-24",-6.27,NA,"assets:paypal","usd","p9r6o",NA
"2004-03-22",-2.05,NA,"liabilities:chase_freedom_cc","usd","ee9sm",NA
"2004-03-17",15.96,NA,"liabilities:chase_freedom_cc","usd","pkqj8",NA
"2003-11-30",-32.67,NA,"liabilities:chase_freedom_cc","usd","e7fok",NA
"2003-09-22",-21.48,NA,"liabilities:chase_freedom_cc","usd","ckqyj",NA
"2003-08-18",-1.04,NA,"assets:deutsche_bank","usd","x5cfc",NA
"2003-05-07",-43.55,NA,"liabilities:chase_freedom_cc","usd","lj5em",NA
"2002-12-09",-44.59,NA,"assets:deutsche_bank","usd","ihdtv",NA
"2002-10-17",30.17,NA,"assets:paypal","eur","pzp59",NA
"2002-09-06",20.22,NA,"assets:paypal","usd","jllcb",NA
"2002-04-25",33.03,NA,"liabilities:chase_freedom_cc","usd","gh2c5",NA
"2002-03-26",-28.82,NA,"assets:deutsche_bank","usd","zss1b",NA
"2002-03-01",-6.83,NA,"assets:deutsche_bank","usd","e8ega",NA
"2002-02-26",47.93,NA,"liabilities:chase_freedom_cc","eur","cn7lb",NA
"2001-10-04",-2.11,NA,"liabilities:chase_freedom_cc","usd","xqbqs",NA
"2001-09-20",-4.68,NA,"assets:paypal","usd","dup7o",NA
"2001-08-28",-3.7,NA,"liabilities:chase_freedom_cc","usd","qad6t",NA
"2001-07-14",-12.59,NA,"assets:deutsche_bank","usd","x2ivo",NA
"2001-05-23",59.71,NA,"liabilities:chase_freedom_cc","usd","k60ar",NA
"2001-05-21",-4.25,NA,"liabilities:chase_freedom_cc","usd","n737p",NA
"2001-04-26",17.93,NA,"assets:paypal","usd","arrca",NA
"2001-03-21",-18.41,NA,"assets:deutsche_bank","usd","qwamq",NA
"2001-02-27",9.46,NA,"liabilities:chase_freedom_cc","usd","akm6j",NA
"2001-01-08",-0.96,NA,"assets:paypal","usd","tcaxi",NA
"2001-01-01",-11.27,NA,"liabilities:chase_freedom_cc","usd","xp6k2",NA
"2000-11-16",2.43,NA,"assets:paypal","eur","csp4n",NA
"2000-11-09",-15.9,NA,"assets:paypal","eur","qvr1d",NA
"2000-10-25",17.7,NA,"liabilities:chase_freedom_cc","usd","otznq",NA
"2000-10-23",27.8,NA,"assets:paypal","usd","vvv2j",NA
"2000-09-28",8.18,NA,"assets:paypal","usd","xk9ik",NA
"2000-07-09",-2.84,NA,"assets:paypal","usd","rv7ht",NA
"2000-06-29",-1.28,NA,"assets:paypal","eur","cdf0g",NA
"2000-06-28",-17.74,NA,"liabilities:chase_freedom_cc","eur","xz5jr",NA
"2000-06-08",3.36,NA,"liabilities:chase_freedom_cc","usd","ruaj1",NA
"2000-05-18",8.82,NA,"liabilities:chase_freedom_cc","usd","t650c",NA
"2000-04-20",1.93,NA,"liabilities:chase_freedom_cc","usd","e56mn",NA
"2000-01-30",22.68,NA,"assets:paypal","usd","d6yj1",NA
"2000-01-26",5.04,NA,"assets:paypal","usd","vrlm9",NA
"2000-01-07",35.21,NA,"assets:paypal","usd","x5jyx",NA
"1999-12-20",-4.64,NA,"liabilities:chase_freedom_cc","usd","sbdaw",NA
"1999-11-29",21.85,NA,"liabilities:chase_freedom_cc","usd","uwnrs",NA
"1999-10-03",4.83,NA,"liabilities:chase_freedom_cc","usd","sm2ck",NA
"1999-09-13",27.52,NA,"liabilities:chase_freedom_cc","usd","qjowr",NA
"1999-08-19",-12.99,NA,"liabilities:chase_freedom_cc","usd","hw7ig",NA
"1999-08-10",8.1,NA,"liabilities:chase_freedom_cc","usd","eoc2s",NA
"1999-08-05",-14.61,NA,"liabilities:chase_freedom_cc","usd","ocpr7",NA
"1999-08-04",46.27,NA,"assets:paypal","usd","pnbtz",NA
"1999-06-04",5.71,NA,"liabilities:chase_freedom_cc","eur","vaamj",NA
"1999-06-03",-3.23,NA,"assets:deutsche_bank","usd","bbi14",NA
"1999-05-05",7.91,NA,"assets:deutsche_bank","usd","ko0b2",NA
"1999-05-01",35.79,NA,"assets:paypal","usd","prdjj",NA
"1999-04-05",40.63,NA,"assets:paypal","usd","usb56",NA
"1999-03-16",5.13,NA,"assets:deutsche_bank","usd","rhhiy",NA
"1999-03-07",-23.34,NA,"liabilities:chase_freedom_cc","usd","inkvk",NA
"1999-02-13",5.75,NA,"assets:deutsche_bank","usd","i6rrl",NA
"1999-02-11",-3.78,NA,"assets:deutsche_bank","usd","riehz",NA
"1999-01-23",-9.28,NA,"assets:paypal","usd","r9g4b",NA
"1998-12-15",9.9,NA,"liabilities:chase_freedom_cc","usd","zy6ti",NA
"1998-12-12",4.65,NA,"liabilities:chase_freedom_cc","usd","uoqho",NA
"1998-12-11",-15.52,NA,"assets:paypal","usd","mkuqz",NA
"1998-11-06",40.13,NA,"liabilities:chase_freedom_cc","usd","f07vj",NA
"1998-10-01",2.44,NA,"liabilities:chase_freedom_cc","usd","ekkuy",NA
"1998-08-26",16.21,NA,"assets:deutsche_bank","usd","ytmhy",NA
"1998-07-20",31.62,NA,"assets:deutsche_bank","usd","ofw5u",NA
"1998-07-04",2.67,NA,"liabilities:chase_freedom_cc","usd","n7clo",NA
"1998-07-02",-15.88,NA,"liabilities:chase_freedom_cc","usd","jyjgw",NA
"1998-06-24",-22.79,NA,"liabilities:chase_freedom_cc","usd","m5qpg",NA
"1998-06-15",-2.07,NA,"liabilities:chase_freedom_cc","usd","v4mdi",NA
"1998-05-25",-1.66,NA,"liabilities:chase_freedom_cc","eur","bzmgz",NA
"1998-03-23",10.64,NA,"liabilities:chase_freedom_cc","usd","cqewp",NA
"1998-03-01",-10.78,NA,"liabilities:chase_freedom_cc","usd","b08is",NA
"1998-02-18",-1.95,NA,"liabilities:chase_freedom_cc","usd","v25ad",NA
"1998-02-15",29.4,NA,"liabilities:chase_freedom_cc","usd","e2i8u",NA
"1998-02-03",-1.63,NA,"assets:paypal","usd","qlual",NA
"1998-01-06",-4.82,NA,"assets:deutsche_bank","usd","w5vyr",NA
"1997-11-13",4.77,NA,"assets:deutsche_bank","usd","h63di",NA
"1997-11-09",9.93,NA,"liabilities:chase_freedom_cc","usd","u4k4k",NA
"1997-09-30",-3.84,NA,"assets:deutsche_bank","eur","gc80r",NA
"1997-08-01",43.74,NA,"liabilities:chase_freedom_cc","usd","chbha",NA
"1997-05-10",-12,NA,"assets:deutsche_bank","usd","bhzg1",NA
"1997-04-15",20.62,NA,"assets:deutsche_bank","usd","oxon1",NA
"1997-03-12",-7.22,NA,"assets:paypal","usd","tdrwi",NA
"1997-02-27",31.04,NA,"assets:paypal","usd","qik0f",NA
"1997-01-28",8.37,NA,"assets:paypal","usd","xo2tm",NA
"1996-12-06",15.95,NA,"assets:paypal","eur","q6j30",NA
"1996-11-26",-25.97,NA,"assets:deutsche_bank","usd","zsau5",NA
"1996-10-28",-26.08,NA,"liabilities:chase_freedom_cc","eur","d18kr",NA
"1996-09-10",23.69,NA,"liabilities:chase_freedom_cc","usd","kw73e",NA
"1996-06-28",-21.7,NA,"liabilities:chase_freedom_cc","usd","k80ct",NA
"1996-06-07",4.84,NA,"assets:deutsche_bank","usd","gbdbb",NA
"1996-01-29",-9.06,NA,"assets:paypal","usd","ok1sh",NA
"1995-11-16",22.36,NA,"assets:paypal","usd","q967i",NA
"1995-07-16",14.92,NA,"assets:deutsche_bank","usd","q6ukg",NA
"1995-06-24",-20.26,NA,"assets:deutsche_bank","eur","we7nk",NA
"1994-12-08",4.7,NA,"liabilities:chase_freedom_cc","usd","taotk",NA
"1993-11-30",-1.82,NA,"liabilities:chase_freedom_cc","usd","cjizb",NA
"1991-04-26",-13.35,NA,"assets:paypal","usd","jckda",NA
"1990-04-24",-4.44,NA,"liabilities:chase_freedom_cc","usd","vxrnq",NA
